Customer_ID,Customer_Name,Channel,Region,Fresh,Milk,Grocery,Frozen,Detergents_Paper,Delicatessen,Orders_Per_Year,Avg_Order_Value,Annual_Total_Spending
CUST001,Customer_001,Distributor,North,1619,12649,9712,4212,3757,1243,51,4358,33192
CUST002,Customer_002,Distributor,Central,3648,10174,14525,720,588,867,17,8623,30522
CUST003,Customer_003,Distributor,Central,1669,9695,7215,7073,3711,3779,41,10115,33142
CUST004,Customer_004,Horeca,South,14648,6074,9805,2747,3627,6354,25,4349,43255
CUST005,Customer_005,Horeca,West,3969,6381,11970,4533,811,6077,33,18571,33741
CUST006,Customer_006,Horeca,West,3382,9544,10306,6125,9559,1675,49,3279,40591
CUST007,Customer_007,Horeca,South,10282,1807,8328,1854,6327,2377,33,21830,30975
CUST008,Customer_008,Retail,South,12930,6320,7565,4574,11598,5699,45,3339,48686
CUST009,Customer_009,Distributor,South,8821,3177,15847,6416,4522,5342,48,19250,44125
CUST010,Customer_010,Horeca,East,2632,4252,1751,5368,6672,2293,8,7913,22968
CUST011,Customer_011,Distributor,East,7767,11238,17058,6682,10632,3858,13,9679,57235
CUST012,Customer_012,Horeca,South,9409,12739,19855,7219,9660,3371,27,8186,62253
CUST013,Customer_013,Horeca,Central,16971,1989,2243,1996,2604,5240,14,26954,31043
CUST014,Customer_014,Distributor,West,2881,6804,13204,7868,8769,2159,39,29206,41685
CUST015,Customer_015,Horeca,North,9543,13092,11846,2027,4908,3661,14,15867,45077
CUST016,Customer_016,Horeca,East,17203,12983,6554,8517,1843,5222,23,28579,52322
CUST017,Customer_017,Distributor,Central,7317,3004,12952,2846,8937,6478,37,1018,41534
CUST018,Customer_018,Distributor,East,16810,819,4365,6147,5138,2061,7,8892,35340
CUST019,Customer_019,Distributor,North,3606,12491,16624,1333,8827,6373,12,5207,49254
CUST020,Customer_020,Distributor,West,6210,4842,17990,7132,3570,4517,52,24918,44261
CUST021,Customer_021,Distributor,South,11014,7037,12936,7377,8579,3798,11,9123,50741
CUST022,Customer_022,Horeca,North,11878,844,19977,3970,9741,1904,4,3326,48314
CUST023,Customer_023,Distributor,North,8301,1604,1729,5613,1260,4311,19,10125,22818
CUST024,Customer_024,Distributor,West,7820,9334,5035,7944,4081,6527,34,27460,40741
CUST025,Customer_025,Retail,South,3890,2088,14824,6004,7039,3467,33,29306,37312
CUST026,Customer_026,Distributor,North,4024,1493,13893,5759,1890,2136,16,7232,29195
CUST027,Customer_027,Distributor,West,5393,7412,6712,4763,7679,2146,59,3470,34105
CUST028,Customer_028,Retail,Central,4008,1328,18413,441,1628,6273,58,8745,32091
CUST029,Customer_029,Horeca,West,16713,8386,7704,6770,1060,1448,28,1070,42081
CUST030,Customer_030,Retail,East,15709,5173,14561,8173,2636,1655,22,8133,47907
CUST031,Customer_031,Horeca,Central,2797,12754,10976,1136,921,4885,34,17477,33469
CUST032,Customer_032,Distributor,South,2663,8820,3325,3244,1222,4974,8,23125,24248
CUST033,Customer_033,Horeca,West,4728,9833,8767,851,10247,771,30,22540,35197
CUST034,Customer_034,Distributor,Central,17930,5683,9244,3546,11072,5967,24,8821,53442
CUST035,Customer_035,Retail,West,5088,11504,10530,7691,5280,6259,8,1305,46352
CUST036,Customer_036,Retail,Central,4076,1700,18317,3692,8388,2272,12,12436,38445
CUST037,Customer_037,Horeca,South,12908,5169,5869,7379,9000,5863,23,21043,46188
CUST038,Customer_038,Distributor,Central,1056,11442,18873,5105,10968,948,60,5400,48392
CUST039,Customer_039,Retail,North,4307,12663,18828,2746,4562,2408,42,7901,45514
CUST040,Customer_040,Distributor,East,7471,11763,9350,8480,8104,2157,58,2664,47325
CUST041,Customer_041,Horeca,West,9866,1222,816,5664,2243,5319,20,6294,25130
CUST042,Customer_042,Distributor,West,14814,9689,1016,2032,1332,5760,13,18877,34643
CUST043,Customer_043,Horeca,East,5652,7541,4876,885,5150,3087,54,29203,27191
CUST044,Customer_044,Horeca,East,7683,11674,8876,1884,5894,6490,39,29971,42501
CUST045,Customer_045,Retail,Central,5864,4378,6024,3100,6855,303,15,25135,26524
CUST046,Customer_046,Retail,West,8931,4871,5916,1971,6367,417,58,16423,28473
CUST047,Customer_047,Horeca,South,15883,6228,10700,3928,3752,293,46,7328,40784
CUST048,Customer_048,Retail,East,9929,14661,2974,4773,5853,5355,36,14096,43545
CUST049,Customer_049,Distributor,Central,11651,952,4479,4479,3025,4856,20,2253,29442
CUST050,Customer_050,Horeca,Central,15039,6163,10978,7349,10032,4289,11,13622,53850
CUST051,Customer_051,Distributor,South,9146,1227,14988,227,8618,6706,38,23506,40912
CUST052,Customer_052,Distributor,South,12734,7566,2992,5609,10309,2671,46,28787,41881
CUST053,Customer_053,Horeca,East,17417,5567,14082,5544,6692,5811,22,19166,55113
CUST054,Customer_054,Horeca,South,14577,11394,13123,3051,10184,4762,23,14306,57091
CUST055,Customer_055,Distributor,North,10757,5200,7587,7243,9602,5069,45,11559,45458
CUST056,Customer_056,Retail,West,15288,11569,7702,8575,7852,6602,54,25115,57588
CUST057,Customer_057,Horeca,North,10099,8945,11683,1730,3948,5611,23,8361,42016
CUST058,Customer_058,Horeca,South,1600,1257,8723,7984,10115,6395,8,15923,36074
CUST059,Customer_059,Retail,Central,7171,12269,13282,8299,6647,2098,13,22497,49766
CUST060,Customer_060,Distributor,North,4292,13253,14631,3785,2981,6687,48,17972,45629
CUST061,Customer_061,Retail,North,8965,14399,4676,7678,2284,6665,33,22875,44667
CUST062,Customer_062,Distributor,Central,11197,12874,15202,8470,7091,6904,39,15611,61738
CUST063,Customer_063,Horeca,West,15547,4746,8801,4743,8640,4069,44,8839,46546
CUST064,Customer_064,Retail,West,3338,12190,10062,4041,4551,2851,24,18699,37033
CUST065,Customer_065,Horeca,South,5742,4288,13251,2703,11673,1852,8,14594,39509
CUST066,Customer_066,Retail,East,16067,7312,2740,3588,6983,3290,53,20139,39980
CUST067,Customer_067,Distributor,North,13264,8314,893,5963,4992,6272,28,28965,39698
CUST068,Customer_068,Retail,Central,8026,8499,7890,4671,7240,4078,5,13742,40404
CUST069,Customer_069,Retail,West,6208,14270,16015,2291,10295,4475,5,13911,53554
CUST070,Customer_070,Distributor,Central,1688,1875,14744,2423,7664,1588,7,9524,29982
CUST071,Customer_071,Retail,East,7735,7949,11410,5729,6311,2379,52,28260,41513
CUST072,Customer_072,Retail,East,3483,8205,1335,1053,5833,1936,45,3248,21845
CUST073,Customer_073,Distributor,North,1816,4551,7232,533,10279,1348,19,5136,25759
CUST074,Customer_074,Retail,North,7942,8119,9096,6243,2849,5063,42,25508,39312
CUST075,Customer_075,Distributor,North,6166,5596,4242,620,5211,4816,47,13298,26651
CUST076,Customer_076,Retail,South,3290,10200,8657,1869,11522,6428,23,28862,41966
CUST077,Customer_077,Distributor,Central,4766,13545,19244,872,5788,4464,31,22676,48679
CUST078,Customer_078,Retail,North,17379,11109,11881,407,6982,6836,35,4458,54594
CUST079,Customer_079,Retail,East,15864,12088,5713,7335,2985,6111,37,22314,50096
CUST080,Customer_080,Retail,Central,16643,8116,14972,4597,5380,2111,57,3839,51819
CUST081,Customer_081,Retail,West,8790,12795,15927,6409,5611,335,35,28884,49867
CUST082,Customer_082,Retail,South,16776,3975,12326,4432,5676,2390,60,20534,45575
CUST083,Customer_083,Distributor,East,1132,8964,6960,1602,4054,5998,30,17009,28710
CUST084,Customer_084,Distributor,South,16400,11082,16783,7542,382,862,22,8261,53051
CUST085,Customer_085,Retail,South,10833,11378,19756,6246,7853,4634,37,12264,60700
CUST086,Customer_086,Retail,Central,11639,6264,15568,4638,5123,2159,18,4953,45391
CUST087,Customer_087,Distributor,South,11139,2458,18259,3233,3238,1872,51,16866,40199
CUST088,Customer_088,Retail,Central,17991,10277,9973,1847,3280,2526,18,12825,45894
CUST089,Customer_089,Horeca,East,1263,12100,18202,2273,4594,472,7,19132,38904
CUST090,Customer_090,Retail,South,16885,2180,1101,4858,7790,4021,32,12164,36835
CUST091,Customer_091,Horeca,North,9073,14618,16354,2069,1170,3382,35,3427,46666
CUST092,Customer_092,Distributor,North,5771,2944,19143,5178,1495,2133,11,19286,36664
CUST093,Customer_093,Retail,Central,8195,13208,17823,6432,7481,3726,23,29185,56865
CUST094,Customer_094,Distributor,West,10806,9816,2673,1825,3504,5224,17,9671,33848
CUST095,Customer_095,Distributor,North,5946,4429,6395,1429,2664,121,30,15762,20984
CUST096,Customer_096,Distributor,Central,16198,5271,1769,3992,4820,5891,22,24035,37941
CUST097,Customer_097,Retail,North,8448,4834,7182,7165,1980,4561,18,22221,34170
CUST098,Customer_098,Horeca,East,5460,1669,2654,2918,5139,4974,51,28008,22814
CUST099,Customer_099,Distributor,East,15190,2537,16058,5182,11564,3397,21,17399,53928
CUST100,Customer_100,Distributor,West,15144,1817,2006,7278,5380,5045,20,1847,36670
CUST101,Customer_101,Horeca,South,1479,13029,9531,859,2970,3954,37,22348,31822
CUST102,Customer_102,Retail,East,6747,10090,14983,8256,1594,3950,26,14380,45620
CUST103,Customer_103,Retail,East,4227,14553,5969,5603,6844,5782,35,10444,42978
CUST104,Customer_104,Distributor,West,2002,7951,3585,5353,4235,2748,11,26314,25874
CUST105,Customer_105,Retail,Central,837,11275,18479,7769,6870,544,16,17988,45774
CUST106,Customer_106,Retail,Central,17134,10746,15184,1045,3435,2287,39,5293,49831
CUST107,Customer_107,Retail,West,16683,2489,1645,4120,11729,1397,23,19049,38063
CUST108,Customer_108,Horeca,Central,14169,2027,8062,2058,7660,1062,45,28267,35038
CUST109,Customer_109,Horeca,West,10363,8837,9659,7007,8005,3968,19,15967,47839
CUST110,Customer_110,Distributor,South,13369,3622,17354,2436,1243,2363,53,26886,40387
CUST111,Customer_111,Retail,East,17437,4877,784,4834,11995,2545,57,20232,42472
CUST112,Customer_112,Distributor,West,5669,7816,18348,8135,5754,2823,39,25997,48545
CUST113,Customer_113,Distributor,West,15720,5772,6881,4112,9468,3237,18,29049,45190
CUST114,Customer_114,Retail,North,11226,12701,16198,6446,6425,5536,54,27894,58532
CUST115,Customer_115,Distributor,South,17030,1106,4836,8429,9769,2819,59,4288,43989
CUST116,Customer_116,Retail,North,15772,751,5423,6917,10827,1364,8,16384,41054
CUST117,Customer_117,Retail,East,13824,11146,3331,5583,11148,4471,28,11376,49503
CUST118,Customer_118,Distributor,West,1976,10616,2942,4046,10440,5706,22,8454,35726
CUST119,Customer_119,Distributor,North,15020,2112,3993,7469,2825,5785,23,1948,37204
CUST120,Customer_120,Horeca,East,2638,5306,12446,6341,7156,1292,19,18405,35179
CUST121,Customer_121,Retail,Central,6700,3285,6436,1493,10085,3233,43,23384,31232
CUST122,Customer_122,Horeca,West,5489,4304,15810,4361,7629,2191,46,1307,39784
CUST123,Customer_123,Retail,East,5976,1710,15174,5861,9726,2550,44,14903,40997
CUST124,Customer_124,Distributor,East,15769,14349,10599,3463,6402,4058,10,8772,54640
CUST125,Customer_125,Retail,Central,12562,9917,10395,5037,459,6899,46,13969,45269
CUST126,Customer_126,Retail,North,2407,10435,16976,4889,3870,5073,55,12544,43650
CUST127,Customer_127,Horeca,South,9012,11604,5181,1791,10380,5394,6,11123,43362
CUST128,Customer_128,Retail,North,12755,12498,5006,1676,4935,2776,51,14615,39646
CUST129,Customer_129,Horeca,South,5130,13386,18375,6194,8797,4210,21,28212,56092
CUST130,Customer_130,Horeca,East,16589,13713,10371,5749,1986,3936,8,5612,52344
CUST131,Customer_131,Horeca,West,12785,1979,13629,428,4432,4495,11,15902,37748
CUST132,Customer_132,Retail,East,13285,13974,12872,1975,11156,2015,34,1820,55277
CUST133,Customer_133,Distributor,Central,11548,10495,7953,1235,10510,6849,33,23972,48590
CUST134,Customer_134,Retail,West,4623,2790,2185,809,5086,4135,11,4184,19628
CUST135,Customer_135,Horeca,Central,5245,6867,15564,6278,11085,6187,48,18701,51226
CUST136,Customer_136,Retail,Central,5863,7297,3944,8217,10186,3443,21,2072,38950
CUST137,Customer_137,Distributor,East,7919,7764,15271,4068,6042,913,47,13036,41977
CUST138,Customer_138,Distributor,East,2784,7023,9740,3309,2101,6851,33,4003,31808
CUST139,Customer_139,Distributor,South,1499,1328,11628,4190,2163,6546,40,7724,27354
CUST140,Customer_140,Horeca,Central,7588,10107,7776,4017,5483,6443,13,26842,41414
CUST141,Customer_141,Distributor,North,9885,14564,5441,2329,8950,2153,55,6717,43322
CUST142,Customer_142,Horeca,North,5118,743,12438,4098,9747,2752,5,6709,34896
CUST143,Customer_143,Retail,North,4953,12652,14494,8819,1962,6208,8,16605,49088
CUST144,Customer_144,Retail,East,17617,10226,4273,7605,8354,1914,43,2420,49989
CUST145,Customer_145,Distributor,Central,10683,8004,1720,1196,7947,3390,31,23482,32940
CUST146,Customer_146,Horeca,West,15334,1704,3347,5477,10066,1315,8,5135,37243
CUST147,Customer_147,Retail,Central,11455,6740,18085,5031,7533,4241,42,15096,53085
CUST148,Customer_148,Horeca,North,7845,7546,15496,3943,6879,2876,56,15860,44585
CUST149,Customer_149,Retail,West,3915,5620,14684,5320,10997,2188,27,6001,42724
CUST150,Customer_150,Distributor,West,2999,1994,3497,1727,7175,891,51,25208,18283
CUST151,Customer_151,Retail,South,2765,10108,19102,5600,11077,1101,30,12586,49753
CUST152,Customer_152,Distributor,West,2485,5212,10938,5961,1797,4834,36,7971,31227
CUST153,Customer_153,Horeca,West,8148,14381,4246,5936,9213,3111,11,25989,45035
CUST154,Customer_154,Retail,Central,8210,13725,14761,630,10077,5488,57,23723,52891
CUST155,Customer_155,Retail,North,6711,4977,10824,5767,5851,150,15,29503,34280
CUST156,Customer_156,Horeca,Central,13932,1640,5348,702,1603,6212,37,8049,29437
CUST157,Customer_157,Retail,West,15665,6085,5857,6262,5205,6011,24,26455,45085
CUST158,Customer_158,Distributor,Central,3583,14972,2423,2749,2679,6280,43,2630,32686
CUST159,Customer_159,Distributor,North,9716,7759,14594,8157,10046,3721,30,9951,53993
CUST160,Customer_160,Horeca,Central,4529,6155,14787,2016,4740,5655,47,20435,37882
CUST161,Customer_161,Retail,Central,10906,1244,7925,6675,9919,548,4,7698,37217
CUST162,Customer_162,Retail,South,5296,13020,9072,4942,5475,1082,4,17298,38887
CUST163,Customer_163,Distributor,West,6557,2616,13158,8925,11628,1985,36,19308,44869
CUST164,Customer_164,Distributor,East,3161,7005,2086,7347,407,3866,8,29249,23872
CUST165,Customer_165,Retail,Central,14866,9894,13952,7043,4843,1043,29,1683,51641
CUST166,Customer_166,Retail,South,15876,14131,12557,1643,7255,967,19,15276,52429
CUST167,Customer_167,Distributor,West,17969,1788,13668,5283,5662,1915,25,26530,46285
CUST168,Customer_168,Horeca,North,17527,10874,4436,8893,8455,1688,53,12448,51873
CUST169,Customer_169,Retail,South,8542,2184,5498,4393,3332,1521,42,6009,25470
CUST170,Customer_170,Distributor,North,6604,13162,16891,7801,9336,6324,41,15709,60118
CUST171,Customer_171,Distributor,Central,11390,14659,11059,2673,7305,659,34,15490,47745
CUST172,Customer_172,Distributor,East,9800,10189,2540,5966,8412,707,23,16130,37614
CUST173,Customer_173,Retail,North,2664,6541,10106,1457,10662,839,43,20466,32269
CUST174,Customer_174,Distributor,West,15962,10008,18863,872,7468,6734,40,22359,59907
CUST175,Customer_175,Horeca,East,16385,8714,5643,1213,7481,947,55,28439,40383
CUST176,Customer_176,Retail,North,17333,11086,6354,841,4159,5896,32,15398,45669
CUST177,Customer_177,Distributor,Central,6001,6462,12917,4834,6447,3448,53,12087,40109
CUST178,Customer_178,Distributor,Central,2515,13430,11665,1279,5501,874,39,23229,35264
CUST179,Customer_179,Retail,East,9057,12357,5627,5661,1435,4873,46,5634,39010
CUST180,Customer_180,Retail,East,13643,2612,3476,5272,9257,3185,45,26941,37445
CUST181,Customer_181,Retail,South,3862,11084,14574,8531,6028,249,27,11120,44328
CUST182,Customer_182,Horeca,South,11997,13052,16634,3345,3811,1226,13,3528,50065
CUST183,Customer_183,Retail,North,17435,13130,18387,8826,718,5522,25,29717,64018
CUST184,Customer_184,Distributor,South,13144,3027,6016,3162,11451,6416,43,27510,43216
CUST185,Customer_185,Horeca,West,2231,7231,12637,4091,7377,5101,22,25654,38668
CUST186,Customer_186,Distributor,West,8467,9249,8537,5270,7784,6941,16,13053,46248
CUST187,Customer_187,Distributor,Central,15237,8064,9933,6456,8339,4420,30,6310,52449
CUST188,Customer_188,Horeca,Central,5335,14803,8892,1054,10605,4036,59,13163,44725
CUST189,Customer_189,Distributor,North,17705,14445,4785,4870,1474,6351,14,9938,49630
CUST190,Customer_190,Retail,Central,5628,14115,15035,1702,3737,6790,32,29987,47007
CUST191,Customer_191,Retail,North,14395,1372,13691,8424,6226,2031,28,3674,46139
CUST192,Customer_192,Retail,South,1723,5721,3946,5693,2492,1227,6,10400,20802
CUST193,Customer_193,Retail,South,16171,7849,872,1498,411,2196,17,28360,28997
CUST194,Customer_194,Horeca,Central,14669,2321,10140,4093,5034,1098,7,8813,37355
CUST195,Customer_195,Retail,Central,15778,1529,4332,8389,9876,4491,5,21707,44395
CUST196,Customer_196,Distributor,Central,8727,12272,5404,4972,7132,112,43,12561,38619
CUST197,Customer_197,Horeca,Central,14450,3568,3505,8776,6008,654,37,18828,36961
CUST198,Customer_198,Distributor,Central,1466,6897,16105,913,10514,3269,27,9311,39164
CUST199,Customer_199,Distributor,North,12501,13419,2913,5849,4050,6104,46,21586,44836
CUST200,Customer_200,Horeca,Central,11695,2685,2152,5972,9045,2873,56,22063,34422
CUST201,Customer_201,Horeca,West,16480,10850,6672,2409,1133,5965,53,15997,43509
CUST202,Customer_202,Horeca,East,7405,1217,7236,886,5270,2640,36,14049,24654
CUST203,Customer_203,Distributor,West,9100,1099,6962,4887,5948,6496,7,29370,34492
CUST204,Customer_204,Distributor,East,9752,2539,12759,7359,6653,6189,32,13669,45251
CUST205,Customer_205,Retail,South,17059,11838,17002,6218,8607,2284,55,3707,63008
CUST206,Customer_206,Distributor,West,3386,7555,6613,5013,5362,940,9,11745,28869
CUST207,Customer_207,Distributor,East,10843,7805,14662,2930,11401,3736,26,15651,51377
CUST208,Customer_208,Horeca,East,15052,4998,2579,1429,11096,5322,29,12904,40476
CUST209,Customer_209,Distributor,South,1820,2839,15058,770,2168,650,19,26510,23305
CUST210,Customer_210,Distributor,East,12666,6772,19287,730,10013,1356,47,15743,50824
CUST211,Customer_211,Retail,East,15347,13002,3219,2455,8774,3106,29,11301,45903
CUST212,Customer_212,Distributor,East,8979,2358,1549,3248,8276,4341,28,19404,28751
CUST213,Customer_213,Horeca,East,9329,12034,15323,3715,10124,2439,48,17095,52964
CUST214,Customer_214,Horeca,North,5247,14472,3126,7606,2928,5943,32,3876,39322
CUST215,Customer_215,Distributor,East,12184,12125,2827,4957,5014,1390,49,24250,38497
CUST216,Customer_216,Distributor,South,12645,8835,8047,2188,3392,6588,12,8757,41695
CUST217,Customer_217,Retail,North,12625,9577,19452,6244,7757,6683,39,5252,62338
CUST218,Customer_218,Distributor,North,2954,5567,13746,8042,8712,3465,53,14416,42486
CUST219,Customer_219,Distributor,North,4906,5694,3130,7572,7732,5671,37,12289,34705
CUST220,Customer_220,Horeca,Central,6762,13079,4928,7288,8338,553,57,5068,40948
CUST221,Customer_221,Distributor,South,10765,3197,6007,5486,11721,1947,26,18003,39123
CUST222,Customer_222,Retail,North,9011,3716,18749,4696,2150,5220,23,21133,43542
CUST223,Customer_223,Distributor,North,17268,11001,6225,2726,2904,5496,43,24613,45620
CUST224,Customer_224,Distributor,East,2149,14020,1629,1530,844,5354,53,19899,25526
CUST225,Customer_225,Retail,South,14450,10627,1692,8359,10375,4569,22,22034,50072
CUST226,Customer_226,Retail,West,8824,13684,14006,5073,7530,697,48,2963,49814
CUST227,Customer_227,Horeca,West,14419,8433,15918,3542,5673,5069,13,11242,53054
CUST228,Customer_228,Distributor,East,12117,7032,4984,6270,8537,4701,10,11456,43641
CUST229,Customer_229,Horeca,West,4814,4882,15432,4261,2408,893,7,10509,32690
CUST230,Customer_230,Retail,Central,14501,4567,5933,5564,9564,6007,24,7220,46136
CUST231,Customer_231,Horeca,West,17666,8148,17043,5255,8248,289,9,13885,56649
CUST232,Customer_232,Distributor,West,8688,4024,19815,5981,897,514,22,17216,39919
CUST233,Customer_233,Distributor,West,10163,9293,967,1961,7160,1197,60,9666,30741
CUST234,Customer_234,Distributor,East,14013,6495,2182,6763,938,4771,39,7378,35162
CUST235,Customer_235,Retail,Central,10256,1704,13359,8461,7478,6361,39,10165,47619
CUST236,Customer_236,Distributor,Central,4693,2608,3868,6653,6214,6611,25,19279,30647
CUST237,Customer_237,Retail,South,7322,10370,17382,6776,8293,429,6,2275,50572
CUST238,Customer_238,Horeca,East,16323,9008,15674,2640,10032,4323,12,11746,58000
CUST239,Customer_239,Distributor,East,6124,6938,10505,5711,8411,6885,36,18443,44574
CUST240,Customer_240,Retail,Central,10623,8280,1245,6235,5527,5619,11,14649,37529
CUST241,Customer_241,Distributor,East,1673,10279,16251,4550,10841,6513,53,19955,50107
CUST242,Customer_242,Distributor,South,2482,10060,16443,2993,8689,5252,50,21307,45919
CUST243,Customer_243,Retail,South,8736,1017,19461,2000,3225,255,32,11279,34694
CUST244,Customer_244,Retail,South,14331,11813,7381,6923,8321,6448,43,16453,55217
CUST245,Customer_245,Distributor,North,5324,8998,7494,5525,10949,4018,37,13347,42308
CUST246,Customer_246,Retail,South,15862,9234,11917,6004,11173,6424,59,24623,60614
CUST247,Customer_247,Distributor,East,16665,3650,8777,4771,9243,2545,18,10752,45651
CUST248,Customer_248,Retail,South,16823,5694,16422,5914,9283,6615,50,9960,60751
CUST249,Customer_249,Retail,North,13241,6964,12009,2599,4858,444,22,24400,40115
CUST250,Customer_250,Horeca,East,15295,11247,9103,8049,3605,1755,56,18648,49054
CUST251,Customer_251,Retail,Central,9700,2749,4279,4120,4072,515,46,18401,25435
CUST252,Customer_252,Horeca,South,2520,2141,14243,5611,11853,3969,10,23321,40337
CUST253,Customer_253,Horeca,North,5975,7166,16287,8022,10758,1733,52,10412,49941
CUST254,Customer_254,Retail,East,2738,13094,3631,4004,8867,6151,50,28863,38485
CUST255,Customer_255,Horeca,South,14493,14954,6460,795,6604,6554,35,7105,49860
CUST256,Customer_256,Distributor,East,2027,651,10477,1958,5589,2431,33,22014,23133
CUST257,Customer_257,Distributor,Central,16984,2698,17222,7868,4570,1679,55,4691,51021
CUST258,Customer_258,Retail,South,15837,11121,9130,3250,330,6134,25,26911,45802
CUST259,Customer_259,Retail,Central,7129,3375,13987,7207,8542,2786,9,14134,43026
CUST260,Customer_260,Distributor,North,6854,2803,16345,5501,4164,155,20,13568,35822
CUST261,Customer_261,Horeca,West,9548,5900,10594,387,4385,5454,27,23700,36268
CUST262,Customer_262,Horeca,North,4673,8125,10753,2816,6742,5720,36,24054,38829
CUST263,Customer_263,Retail,North,10467,6521,7936,3790,2288,4017,13,15908,35019
CUST264,Customer_264,Distributor,Central,13042,7313,18697,7914,8906,6669,46,28053,62541
CUST265,Customer_265,Horeca,South,3482,9109,15339,8853,11630,3063,8,19486,51476
CUST266,Customer_266,Horeca,North,17363,3812,19466,8992,2555,1447,24,28999,53635
CUST267,Customer_267,Distributor,West,4608,11645,7430,8208,1589,4280,32,27499,37760
CUST268,Customer_268,Horeca,West,5123,8909,14312,7684,9339,572,39,16151,45939
CUST269,Customer_269,Distributor,East,1513,6987,9038,249,3670,4837,8,2484,26294
CUST270,Customer_270,Retail,East,2889,9366,2674,1330,7834,359,22,14397,24452
CUST271,Customer_271,Horeca,South,14574,6635,13233,7548,6284,3177,9,23371,51451
CUST272,Customer_272,Distributor,Central,5157,11207,12095,2143,3024,4501,29,18329,38127
CUST273,Customer_273,Horeca,South,913,12889,1444,5088,7685,5617,50,18840,33636
CUST274,Customer_274,Retail,Central,13228,13989,8225,4255,7646,2935,13,10032,50278
CUST275,Customer_275,Horeca,North,1855,13762,14437,456,4043,1788,8,4306,36341
CUST276,Customer_276,Distributor,North,15428,10294,2295,4209,824,3395,32,8678,36445
CUST277,Customer_277,Distributor,South,2649,2795,17211,4939,3936,6782,50,19877,38312
CUST278,Customer_278,Retail,Central,11307,4381,10588,2547,10916,4370,18,14551,44109
CUST279,Customer_279,Retail,East,2797,9621,6438,7199,9207,4160,7,12285,39422
CUST280,Customer_280,Distributor,West,17985,5722,14342,6888,2544,2556,28,7025,50037
CUST281,Customer_281,Distributor,West,8696,14415,8084,5127,11692,1282,55,16172,49296
CUST282,Customer_282,Horeca,Central,14322,7324,18961,8883,2296,3281,19,9355,55067
CUST283,Customer_283,Horeca,East,3390,7869,12859,1714,8875,6035,57,7241,40742
CUST284,Customer_284,Horeca,East,13159,11537,1995,1392,3182,6691,52,20253,37956
CUST285,Customer_285,Distributor,Central,7911,8354,7544,5655,5067,225,17,7226,34756
CUST286,Customer_286,Distributor,North,16493,4474,7401,6698,4021,4622,24,26412,43709
CUST287,Customer_287,Retail,West,16078,9243,12472,5253,4385,3046,36,29927,50477
CUST288,Customer_288,Retail,West,4031,13653,16084,5446,3428,3136,24,14563,45778
CUST289,Customer_289,Horeca,Central,8050,12644,5481,465,4372,4632,41,19977,35644
CUST290,Customer_290,Distributor,West,10472,2997,7128,5604,3868,3211,40,28307,33280
CUST291,Customer_291,Horeca,West,11861,4716,16711,8237,7650,1478,50,27049,50653
CUST292,Customer_292,Retail,South,5386,12301,18609,8200,3115,4541,45,2924,52152
CUST293,Customer_293,Distributor,North,3235,13902,2289,304,6856,1226,57,21666,27812
CUST294,Customer_294,Horeca,North,5748,649,7867,8485,7571,3157,7,21245,33477
CUST295,Customer_295,Distributor,Central,16633,11301,16686,457,208,4459,39,14478,49744
CUST296,Customer_296,Horeca,North,9802,9277,10094,480,8328,6761,48,23086,44742
CUST297,Customer_297,Retail,South,4306,2078,17883,2639,4048,1672,43,18250,32626
CUST298,Customer_298,Retail,East,9559,13524,13705,1494,6212,3426,33,19513,47920
CUST299,Customer_299,Horeca,South,10629,11707,3341,719,1631,3420,28,13359,31447
CUST300,Customer_300,Distributor,West,2638,10932,1009,3007,1454,4194,58,15218,23234
