Customer_ID,Email,Phone
CUST001,customer001@example.com,9876500001
CUST002,customer002@example.com,9876500002
CUST003,customer003@example.com,9876500003
CUST004,customer004@example.com,9876500004
CUST005,customer005@example.com,9876500005
CUST006,customer006@example.com,9876500006
CUST007,customer007@example.com,9876500007
CUST008,customer008@example.com,9876500008
CUST009,customer009@example.com,9876500009
CUST010,customer010@example.com,9876500010
CUST011,customer011@example.com,9876500011
CUST012,customer012@example.com,9876500012
CUST013,customer013@example.com,9876500013
CUST014,customer014@example.com,9876500014
CUST015,customer015@example.com,9876500015
CUST016,customer016@example.com,9876500016
CUST017,customer017@example.com,9876500017
CUST018,customer018@example.com,9876500018
CUST019,customer019@example.com,9876500019
CUST020,customer020@example.com,9876500020
CUST021,customer021@example.com,9876500021
CUST022,customer022@example.com,9876500022
CUST023,customer023@example.com,9876500023
CUST024,customer024@example.com,9876500024
CUST025,customer025@example.com,9876500025
CUST026,customer026@example.com,9876500026
CUST027,customer027@example.com,9876500027
CUST028,customer028@example.com,9876500028
CUST029,customer029@example.com,9876500029
CUST030,customer030@example.com,9876500030
CUST031,customer031@example.com,9876500031
CUST032,customer032@example.com,9876500032
CUST033,customer033@example.com,9876500033
CUST034,customer034@example.com,9876500034
CUST035,customer035@example.com,9876500035
CUST036,customer036@example.com,9876500036
CUST037,customer037@example.com,9876500037
CUST038,customer038@example.com,9876500038
CUST039,customer039@example.com,9876500039
CUST040,customer040@example.com,9876500040
CUST041,customer041@example.com,9876500041
CUST042,customer042@example.com,9876500042
CUST043,customer043@example.com,9876500043
CUST044,customer044@example.com,9876500044
CUST045,customer045@example.com,9876500045
CUST046,customer046@example.com,9876500046
CUST047,customer047@example.com,9876500047
CUST048,customer048@example.com,9876500048
CUST049,customer049@example.com,9876500049
CUST050,customer050@example.com,9876500050
CUST051,customer051@example.com,9876500051
CUST052,customer052@example.com,9876500052
CUST053,customer053@example.com,9876500053
CUST054,customer054@example.com,9876500054
CUST055,customer055@example.com,9876500055
CUST056,customer056@example.com,9876500056
CUST057,customer057@example.com,9876500057
CUST058,customer058@example.com,9876500058
CUST059,customer059@example.com,9876500059
CUST060,customer060@example.com,9876500060
CUST061,customer061@example.com,9876500061
CUST062,customer062@example.com,9876500062
CUST063,customer063@example.com,9876500063
CUST064,customer064@example.com,9876500064
CUST065,customer065@example.com,9876500065
CUST066,customer066@example.com,9876500066
CUST067,customer067@example.com,9876500067
CUST068,customer068@example.com,9876500068
CUST069,customer069@example.com,9876500069
CUST070,customer070@example.com,9876500070
CUST071,customer071@example.com,9876500071
CUST072,customer072@example.com,9876500072
CUST073,customer073@example.com,9876500073
CUST074,customer074@example.com,9876500074
CUST075,customer075@example.com,9876500075
CUST076,customer076@example.com,9876500076
CUST077,customer077@example.com,9876500077
CUST078,customer078@example.com,9876500078
CUST079,customer079@example.com,9876500079
CUST080,customer080@example.com,9876500080
CUST081,customer081@example.com,9876500081
CUST082,customer082@example.com,9876500082
CUST083,customer083@example.com,9876500083
CUST084,customer084@example.com,9876500084
CUST085,customer085@example.com,9876500085
CUST086,customer086@example.com,9876500086
CUST087,customer087@example.com,9876500087
CUST088,customer088@example.com,9876500088
CUST089,customer089@example.com,9876500089
CUST090,customer090@example.com,9876500090
CUST091,customer091@example.com,9876500091
CUST092,customer092@example.com,9876500092
CUST093,customer093@example.com,9876500093
CUST094,customer094@example.com,9876500094
CUST095,customer095@example.com,9876500095
CUST096,customer096@example.com,9876500096
CUST097,customer097@example.com,9876500097
CUST098,customer098@example.com,9876500098
CUST099,customer099@example.com,9876500099
CUST100,customer100@example.com,9876500100
CUST101,customer101@example.com,9876500101
CUST102,customer102@example.com,9876500102
CUST103,customer103@example.com,9876500103
CUST104,customer104@example.com,9876500104
CUST105,customer105@example.com,9876500105
CUST106,customer106@example.com,9876500106
CUST107,customer107@example.com,9876500107
CUST108,customer108@example.com,9876500108
CUST109,customer109@example.com,9876500109
CUST110,customer110@example.com,9876500110
CUST111,customer111@example.com,9876500111
CUST112,customer112@example.com,9876500112
CUST113,customer113@example.com,9876500113
CUST114,customer114@example.com,9876500114
CUST115,customer115@example.com,9876500115
CUST116,customer116@example.com,9876500116
CUST117,customer117@example.com,9876500117
CUST118,customer118@example.com,9876500118
CUST119,customer119@example.com,9876500119
CUST120,customer120@example.com,9876500120
CUST121,customer121@example.com,9876500121
CUST122,customer122@example.com,9876500122
CUST123,customer123@example.com,9876500123
CUST124,customer124@example.com,9876500124
CUST125,customer125@example.com,9876500125
CUST126,customer126@example.com,9876500126
CUST127,customer127@example.com,9876500127
CUST128,customer128@example.com,9876500128
CUST129,customer129@example.com,9876500129
CUST130,customer130@example.com,9876500130
CUST131,customer131@example.com,9876500131
CUST132,customer132@example.com,9876500132
CUST133,customer133@example.com,9876500133
CUST134,customer134@example.com,9876500134
CUST135,customer135@example.com,9876500135
CUST136,customer136@example.com,9876500136
CUST137,customer137@example.com,9876500137
CUST138,customer138@example.com,9876500138
CUST139,customer139@example.com,9876500139
CUST140,customer140@example.com,9876500140
CUST141,customer141@example.com,9876500141
CUST142,customer142@example.com,9876500142
CUST143,customer143@example.com,9876500143
CUST144,customer144@example.com,9876500144
CUST145,customer145@example.com,9876500145
CUST146,customer146@example.com,9876500146
CUST147,customer147@example.com,9876500147
CUST148,customer148@example.com,9876500148
CUST149,customer149@example.com,9876500149
CUST150,customer150@example.com,9876500150
CUST151,customer151@example.com,9876500151
CUST152,customer152@example.com,9876500152
CUST153,customer153@example.com,9876500153
CUST154,customer154@example.com,9876500154
CUST155,customer155@example.com,9876500155
CUST156,customer156@example.com,9876500156
CUST157,customer157@example.com,9876500157
CUST158,customer158@example.com,9876500158
CUST159,customer159@example.com,9876500159
CUST160,customer160@example.com,9876500160
CUST161,customer161@example.com,9876500161
CUST162,customer162@example.com,9876500162
CUST163,customer163@example.com,9876500163
CUST164,customer164@example.com,9876500164
CUST165,customer165@example.com,9876500165
CUST166,customer166@example.com,9876500166
CUST167,customer167@example.com,9876500167
CUST168,customer168@example.com,9876500168
CUST169,customer169@example.com,9876500169
CUST170,customer170@example.com,9876500170
CUST171,customer171@example.com,9876500171
CUST172,customer172@example.com,9876500172
CUST173,customer173@example.com,9876500173
CUST174,customer174@example.com,9876500174
CUST175,customer175@example.com,9876500175
CUST176,customer176@example.com,9876500176
CUST177,customer177@example.com,9876500177
CUST178,customer178@example.com,9876500178
CUST179,customer179@example.com,9876500179
CUST180,customer180@example.com,9876500180
CUST181,customer181@example.com,9876500181
CUST182,customer182@example.com,9876500182
CUST183,customer183@example.com,9876500183
CUST184,customer184@example.com,9876500184
CUST185,customer185@example.com,9876500185
CUST186,customer186@example.com,9876500186
CUST187,customer187@example.com,9876500187
CUST188,customer188@example.com,9876500188
CUST189,customer189@example.com,9876500189
CUST190,customer190@example.com,9876500190
CUST191,customer191@example.com,9876500191
CUST192,customer192@example.com,9876500192
CUST193,customer193@example.com,9876500193
CUST194,customer194@example.com,9876500194
CUST195,customer195@example.com,9876500195
CUST196,customer196@example.com,9876500196
CUST197,customer197@example.com,9876500197
CUST198,customer198@example.com,9876500198
CUST199,customer199@example.com,9876500199
CUST200,customer200@example.com,9876500200
CUST201,customer201@example.com,9876500201
CUST202,customer202@example.com,9876500202
CUST203,customer203@example.com,9876500203
CUST204,customer204@example.com,9876500204
CUST205,customer205@example.com,9876500205
CUST206,customer206@example.com,9876500206
CUST207,customer207@example.com,9876500207
CUST208,customer208@example.com,9876500208
CUST209,customer209@example.com,9876500209
CUST210,customer210@example.com,9876500210
CUST211,customer211@example.com,9876500211
CUST212,customer212@example.com,9876500212
CUST213,customer213@example.com,9876500213
CUST214,customer214@example.com,9876500214
CUST215,customer215@example.com,9876500215
CUST216,customer216@example.com,9876500216
CUST217,customer217@example.com,9876500217
CUST218,customer218@example.com,9876500218
CUST219,customer219@example.com,9876500219
CUST220,customer220@example.com,9876500220
CUST221,customer221@example.com,9876500221
CUST222,customer222@example.com,9876500222
CUST223,customer223@example.com,9876500223
CUST224,customer224@example.com,9876500224
CUST225,customer225@example.com,9876500225
CUST226,customer226@example.com,9876500226
CUST227,customer227@example.com,9876500227
CUST228,customer228@example.com,9876500228
CUST229,customer229@example.com,9876500229
CUST230,customer230@example.com,9876500230
CUST231,customer231@example.com,9876500231
CUST232,customer232@example.com,9876500232
CUST233,customer233@example.com,9876500233
CUST234,customer234@example.com,9876500234
CUST235,customer235@example.com,9876500235
CUST236,customer236@example.com,9876500236
CUST237,customer237@example.com,9876500237
CUST238,customer238@example.com,9876500238
CUST239,customer239@example.com,9876500239
CUST240,customer240@example.com,9876500240
CUST241,customer241@example.com,9876500241
CUST242,customer242@example.com,9876500242
CUST243,customer243@example.com,9876500243
CUST244,customer244@example.com,9876500244
CUST245,customer245@example.com,9876500245
CUST246,customer246@example.com,9876500246
CUST247,customer247@example.com,9876500247
CUST248,customer248@example.com,9876500248
CUST249,customer249@example.com,9876500249
CUST250,customer250@example.com,9876500250
CUST251,customer251@example.com,9876500251
CUST252,customer252@example.com,9876500252
CUST253,customer253@example.com,9876500253
CUST254,customer254@example.com,9876500254
CUST255,customer255@example.com,9876500255
CUST256,customer256@example.com,9876500256
CUST257,customer257@example.com,9876500257
CUST258,customer258@example.com,9876500258
CUST259,customer259@example.com,9876500259
CUST260,customer260@example.com,9876500260
CUST261,customer261@example.com,9876500261
CUST262,customer262@example.com,9876500262
CUST263,customer263@example.com,9876500263
CUST264,customer264@example.com,9876500264
CUST265,customer265@example.com,9876500265
CUST266,customer266@example.com,9876500266
CUST267,customer267@example.com,9876500267
CUST268,customer268@example.com,9876500268
CUST269,customer269@example.com,9876500269
CUST270,customer270@example.com,9876500270
CUST271,customer271@example.com,9876500271
CUST272,customer272@example.com,9876500272
CUST273,customer273@example.com,9876500273
CUST274,customer274@example.com,9876500274
CUST275,customer275@example.com,9876500275
CUST276,customer276@example.com,9876500276
CUST277,customer277@example.com,9876500277
CUST278,customer278@example.com,9876500278
CUST279,customer279@example.com,9876500279
CUST280,customer280@example.com,9876500280
CUST281,customer281@example.com,9876500281
CUST282,customer282@example.com,9876500282
CUST283,customer283@example.com,9876500283
CUST284,customer284@example.com,9876500284
CUST285,customer285@example.com,9876500285
CUST286,customer286@example.com,9876500286
CUST287,customer287@example.com,9876500287
CUST288,customer288@example.com,9876500288
CUST289,customer289@example.com,9876500289
CUST290,customer290@example.com,9876500290
CUST291,customer291@example.com,9876500291
CUST292,customer292@example.com,9876500292
CUST293,customer293@example.com,9876500293
CUST294,customer294@example.com,9876500294
CUST295,customer295@example.com,9876500295
CUST296,customer296@example.com,9876500296
CUST297,customer297@example.com,9876500297
CUST298,customer298@example.com,9876500298
CUST299,customer299@example.com,9876500299
CUST300,customer300@example.com,9876500300
CUST301,customer301@example.com,9876500301
CUST302,customer302@example.com,9876500302
CUST303,customer303@example.com,9876500303
CUST304,customer304@example.com,9876500304
CUST305,customer305@example.com,9876500305
CUST306,customer306@example.com,9876500306
CUST307,customer307@example.com,9876500307
CUST308,customer308@example.com,9876500308
CUST309,customer309@example.com,9876500309
CUST310,customer310@example.com,9876500310
CUST311,customer311@example.com,9876500311
CUST312,customer312@example.com,9876500312
CUST313,customer313@example.com,9876500313
CUST314,customer314@example.com,9876500314
CUST315,customer315@example.com,9876500315
CUST316,customer316@example.com,9876500316
CUST317,customer317@example.com,9876500317
CUST318,customer318@example.com,9876500318
CUST319,customer319@example.com,9876500319
CUST320,customer320@example.com,9876500320
CUST321,customer321@example.com,9876500321
CUST322,customer322@example.com,9876500322
CUST323,customer323@example.com,9876500323
CUST324,customer324@example.com,9876500324
CUST325,customer325@example.com,9876500325
CUST326,customer326@example.com,9876500326
CUST327,customer327@example.com,9876500327
CUST328,customer328@example.com,9876500328
CUST329,customer329@example.com,9876500329
CUST330,customer330@example.com,9876500330
CUST331,customer331@example.com,9876500331
CUST332,customer332@example.com,9876500332
CUST333,customer333@example.com,9876500333
CUST334,customer334@example.com,9876500334
CUST335,customer335@example.com,9876500335
CUST336,customer336@example.com,9876500336
CUST337,customer337@example.com,9876500337
CUST338,customer338@example.com,9876500338
CUST339,customer339@example.com,9876500339
CUST340,customer340@example.com,9876500340
CUST341,customer341@example.com,9876500341
CUST342,customer342@example.com,9876500342
CUST343,customer343@example.com,9876500343
CUST344,customer344@example.com,9876500344
CUST345,customer345@example.com,9876500345
CUST346,customer346@example.com,9876500346
CUST347,customer347@example.com,9876500347
CUST348,customer348@example.com,9876500348
CUST349,customer349@example.com,9876500349
CUST350,customer350@example.com,9876500350
CUST351,customer351@example.com,9876500351
CUST352,customer352@example.com,9876500352
CUST353,customer353@example.com,9876500353
CUST354,customer354@example.com,9876500354
CUST355,customer355@example.com,9876500355
CUST356,customer356@example.com,9876500356
CUST357,customer357@example.com,9876500357
CUST358,customer358@example.com,9876500358
CUST359,customer359@example.com,9876500359
CUST360,customer360@example.com,9876500360
CUST361,customer361@example.com,9876500361
CUST362,customer362@example.com,9876500362
CUST363,customer363@example.com,9876500363
CUST364,customer364@example.com,9876500364
CUST365,customer365@example.com,9876500365
CUST366,customer366@example.com,9876500366
CUST367,customer367@example.com,9876500367
CUST368,customer368@example.com,9876500368
CUST369,customer369@example.com,9876500369
CUST370,customer370@example.com,9876500370
CUST371,customer371@example.com,9876500371
CUST372,customer372@example.com,9876500372
CUST373,customer373@example.com,9876500373
CUST374,customer374@example.com,9876500374
CUST375,customer375@example.com,9876500375
CUST376,customer376@example.com,9876500376
CUST377,customer377@example.com,9876500377
CUST378,customer378@example.com,9876500378
CUST379,customer379@example.com,9876500379
CUST380,customer380@example.com,9876500380
CUST381,customer381@example.com,9876500381
CUST382,customer382@example.com,9876500382
CUST383,customer383@example.com,9876500383
CUST384,customer384@example.com,9876500384
CUST385,customer385@example.com,9876500385
CUST386,customer386@example.com,9876500386
CUST387,customer387@example.com,9876500387
CUST388,customer388@example.com,9876500388
CUST389,customer389@example.com,9876500389
CUST390,customer390@example.com,9876500390
CUST391,customer391@example.com,9876500391
CUST392,customer392@example.com,9876500392
CUST393,customer393@example.com,9876500393
CUST394,customer394@example.com,9876500394
CUST395,customer395@example.com,9876500395
CUST396,customer396@example.com,9876500396
CUST397,customer397@example.com,9876500397
CUST398,customer398@example.com,9876500398
CUST399,customer399@example.com,9876500399
CUST400,customer400@example.com,9876500400
CUST401,customer401@example.com,9876500401
CUST402,customer402@example.com,9876500402
CUST403,customer403@example.com,9876500403
CUST404,customer404@example.com,9876500404
CUST405,customer405@example.com,9876500405
CUST406,customer406@example.com,9876500406
CUST407,customer407@example.com,9876500407
CUST408,customer408@example.com,9876500408
CUST409,customer409@example.com,9876500409
CUST410,customer410@example.com,9876500410
CUST411,customer411@example.com,9876500411
CUST412,customer412@example.com,9876500412
CUST413,customer413@example.com,9876500413
CUST414,customer414@example.com,9876500414
CUST415,customer415@example.com,9876500415
CUST416,customer416@example.com,9876500416
CUST417,customer417@example.com,9876500417
CUST418,customer418@example.com,9876500418
CUST419,customer419@example.com,9876500419
CUST420,customer420@example.com,9876500420
CUST421,customer421@example.com,9876500421
CUST422,customer422@example.com,9876500422
CUST423,customer423@example.com,9876500423
CUST424,customer424@example.com,9876500424
CUST425,customer425@example.com,9876500425
CUST426,customer426@example.com,9876500426
CUST427,customer427@example.com,9876500427
CUST428,customer428@example.com,9876500428
CUST429,customer429@example.com,9876500429
CUST430,customer430@example.com,9876500430
CUST431,customer431@example.com,9876500431
CUST432,customer432@example.com,9876500432
CUST433,customer433@example.com,9876500433
CUST434,customer434@example.com,9876500434
CUST435,customer435@example.com,9876500435
CUST436,customer436@example.com,9876500436
CUST437,customer437@example.com,9876500437
CUST438,customer438@example.com,9876500438
CUST439,customer439@example.com,9876500439
CUST440,customer440@example.com,9876500440
CUST441,customer441@example.com,9876500441
CUST442,customer442@example.com,9876500442
CUST443,customer443@example.com,9876500443
CUST444,customer444@example.com,9876500444
CUST445,customer445@example.com,9876500445
CUST446,customer446@example.com,9876500446
CUST447,customer447@example.com,9876500447
CUST448,customer448@example.com,9876500448
CUST449,customer449@example.com,9876500449
CUST450,customer450@example.com,9876500450
CUST451,customer451@example.com,9876500451
CUST452,customer452@example.com,9876500452
CUST453,customer453@example.com,9876500453
CUST454,customer454@example.com,9876500454
CUST455,customer455@example.com,9876500455
CUST456,customer456@example.com,9876500456
CUST457,customer457@example.com,9876500457
CUST458,customer458@example.com,9876500458
CUST459,customer459@example.com,9876500459
CUST460,customer460@example.com,9876500460
CUST461,customer461@example.com,9876500461
CUST462,customer462@example.com,9876500462
CUST463,customer463@example.com,9876500463
CUST464,customer464@example.com,9876500464
CUST465,customer465@example.com,9876500465
CUST466,customer466@example.com,9876500466
CUST467,customer467@example.com,9876500467
CUST468,customer468@example.com,9876500468
CUST469,customer469@example.com,9876500469
CUST470,customer470@example.com,9876500470
CUST471,customer471@example.com,9876500471
CUST472,customer472@example.com,9876500472
CUST473,customer473@example.com,9876500473
CUST474,customer474@example.com,9876500474
CUST475,customer475@example.com,9876500475
CUST476,customer476@example.com,9876500476
CUST477,customer477@example.com,9876500477
CUST478,customer478@example.com,9876500478
CUST479,customer479@example.com,9876500479
CUST480,customer480@example.com,9876500480
CUST481,customer481@example.com,9876500481
CUST482,customer482@example.com,9876500482
CUST483,customer483@example.com,9876500483
CUST484,customer484@example.com,9876500484
CUST485,customer485@example.com,9876500485
CUST486,customer486@example.com,9876500486
CUST487,customer487@example.com,9876500487
CUST488,customer488@example.com,9876500488
CUST489,customer489@example.com,9876500489
CUST490,customer490@example.com,9876500490
CUST491,customer491@example.com,9876500491
CUST492,customer492@example.com,9876500492
CUST493,customer493@example.com,9876500493
CUST494,customer494@example.com,9876500494
CUST495,customer495@example.com,9876500495
CUST496,customer496@example.com,9876500496
CUST497,customer497@example.com,9876500497
CUST498,customer498@example.com,9876500498
CUST499,customer499@example.com,9876500499
CUST500,customer500@example.com,9876500500
