Fresh,Milk,Grocery,Frozen,Detergents_Paper,Delicatessen
30373,21856,28233,7842,11808,7327
16063,5083,9982,3390,3240,2221
29450,14597,15925,5614,7459,3680
18085,9806,11653,6190,7990,3724
14658,8009,7852,4182,2744,1651
31382,19059,22903,9168,9193,7074
37319,23284,30772,8169,12234,6785
19503,6654,11374,3634,2287,2298
41181,21847,28789,8698,12232,6648
7932,2343,3835,2164,711,922
34577,18698,22193,8595,11507,8016
24394,10518,15070,3700,5246,4405
19673,7106,11349,3870,3343,2080
6123,3507,4347,2163,1128,886
24921,19517,36207,10012,11378,5418
26120,11734,14675,6326,5385,4173
18503,6308,9015,4250,3980,2229
19885,10028,6697,2556,3556,1817
26529,7811,15359,6798,7797,2808
16997,8115,12620,3314,2962,2643
16836,5706,11297,2790,3069,2583
15964,7962,7402,4558,3797,2842
8602,2810,4422,2615,1040,974
24317,7983,10739,3625,4042,1739
30721,15777,32635,8756,9982,6081
45408,23041,18356,10546,14012,5684
24131,11971,14226,5636,5260,2352
25869,7215,9884,4366,4341,2568
34225,18613,26324,9666,10703,6946
43702,23718,13790,8622,12733,7289
8986,2553,5042,2346,1018,755
28610,9283,16755,7001,6741,3644
42948,23740,32566,8629,13604,6553
23674,12521,14760,4659,4747,4125
14877,5601,9049,4532,2412,2452
19269,5468,7552,3874,4718,2101
21519,8189,6786,3999,4122,2003
51238,15315,19124,7829,13423,6051
30328,7949,13440,6859,3632,3698
15133,6068,8948,2945,4087,2433
21968,7213,7893,4470,2659,1839
12410,3584,4864,2790,1139,1107
15389,6590,9666,5084,3066,2623
9002,2054,2942,1928,1435,1049
11971,3104,5661,2304,1005,1131
7810,2242,3899,2050,1257,1156
10012,4141,2919,2134,1764,946
20166,9534,12418,5028,8555,2628
7901,3780,4758,2339,1123,1174
21318,12948,15394,5336,5898,4116
27700,10268,15388,4481,8033,4391
50818,20092,28540,6459,11271,6250
17674,7840,8802,3491,4281,2089
23135,7060,11388,5300,6852,2392
9013,3191,4109,2231,1509,869
18151,10287,12664,5469,7337,4072
44563,23858,27775,10098,12794,6841
8204,3010,4046,2088,1219,1210
40169,21173,20267,8080,14784,6921
6078,2990,4311,1735,823,831
21054,12438,16594,6146,7779,2134
8574,3190,3968,1956,1030,1032
8926,3671,4828,2289,1198,861
9221,3452,4893,1784,877,1128
43555,20050,22072,9666,13605,6226
28788,9231,14831,3539,6193,5064
29421,14464,16655,5775,6808,3277
29637,9647,15270,8787,7154,3237
21643,7621,9151,3240,3434,2048
18354,7556,10094,3365,3864,2384
13410,7479,9442,4308,2837,2087
40445,14870,28540,8083,12897,5353
13533,5566,5797,3456,3764,2788
31669,13694,18660,7689,6788,4135
20308,3777,9873,4084,3781,2016
36753,17403,29733,9299,15368,5052
51049,25799,21882,8691,8575,3209
31627,19171,27060,7893,13427,6925
12147,2213,3761,1956,1054,910
60484,17696,29112,6239,10416,7522
21314,4887,13209,4314,2996,2392
15838,5092,9832,4621,4203,1512
14772,6740,11376,4981,3234,1696
9954,2728,4858,2636,1339,810
32233,13613,29653,10315,9641,5831
21306,10665,12518,4586,8007,4089
8997,3626,3961,2377,978,850
30545,8392,13664,4222,4885,3460
8976,2097,6261,2795,972,1059
18176,6024,6992,3927,3308,2652
26241,8676,12749,5364,7554,2658
18511,8584,6728,4993,3073,2138
7941,3157,4849,2384,1813,518
23133,8110,14183,4690,6091,3433
15758,8128,6752,3554,3476,2740
13273,5302,10337,4019,2526,2655
9353,2789,4182,2223,1109,1053
9488,2365,3158,2836,1072,1314
42897,9461,27171,7075,6928,6442
20428,10480,18055,6250,6507,3521
26164,9534,12031,4972,6583,2932
24428,10857,12165,6471,7925,3559
14548,4362,4926,4790,3570,1919
6360,2847,5191,2286,947,1538
28062,8233,15798,5813,7264,3678
13584,7383,7934,4037,3416,2440
18508,6480,14010,3701,3221,2358
9701,3510,3244,1947,1430,1038
18748,5076,6865,3336,3598,2488
10365,1912,4380,2199,1091,913
33091,17447,14243,10371,12248,8161
14993,4656,12493,2331,2647,2472
32355,9420,14167,5143,7036,2870
28486,12642,14494,5517,9169,3653
16392,8308,11502,3434,2831,2762
21839,8623,12293,3120,2420,2587
10490,3067,5068,1877,967,973
27816,12161,14583,6065,7894,3782
8132,3904,3509,2266,1608,1441
11587,2746,3023,1996,1183,1017
34087,17124,26959,8577,14793,7167
19916,6309,9624,2585,3237,1563
18454,7693,9707,5099,3068,2160
23365,10349,18577,4119,8438,4359
19911,6553,9910,3709,4430,1750
14811,7045,5194,5061,3295,2501
18569,4763,9572,4303,2745,1796
21016,12540,11580,4589,6393,3572
8005,3845,5805,1692,1588,1082
20129,7977,7103,3074,3796,1907
62945,17417,30380,6984,16668,8699
18900,11694,15229,7038,3649,3285
20813,6505,8294,2885,3682,2083
12930,7053,8097,4130,3902,2601
9431,2396,4248,2014,1403,854
52970,18578,28735,7666,14497,5695
53922,20183,29358,9262,10065,8070
29594,19077,29369,9976,10439,5826
16986,5595,8921,3280,3748,2082
21678,9307,15119,4574,4735,2734
18403,4574,9462,4520,3030,2031
29734,15174,22692,8821,10871,5011
22798,8304,19360,4738,8155,2408
14409,8673,8814,5473,3950,2714
12563,7112,8729,5097,3151,2165
15007,4752,10335,3647,3637,1753
25032,9000,13170,5509,5678,3752
19775,9850,18140,4606,4198,4191
8498,2346,3409,2356,912,658
45445,19173,27988,7381,12479,5142
23454,11022,15234,6461,7280,2847
36957,21200,31765,9213,11067,6767
10881,3739,4042,1817,1214,891
9016,2527,4772,2409,1521,1230
27118,9263,17344,4868,4839,3311
31748,25286,30861,10485,10900,6252
18354,6358,9379,4232,2989,2139
10885,3033,2993,1796,1030,901
18333,5760,12011,3784,3757,1821
25738,20333,29362,9895,11606,6629
35154,13301,26002,9157,12859,7416
10472,3395,5064,2276,1065,633
9250,3717,4858,2961,1350,644
21653,5961,9520,3788,3552,2897
22340,5476,10512,3618,4418,2907
40765,23223,32309,10112,15094,6749
20295,7398,10257,4253,2400,2265
11263,2472,4339,1132,1326,1056
21514,9152,8394,3627,3947,2073
10299,2184,4389,1824,893,1043
21250,9976,13795,2723,7309,3707
43494,17873,32476,8991,9713,6963
31416,10808,14873,5969,7409,3798
8480,3367,4344,2102,1466,946
35911,20888,21740,10262,12229,7709
18069,5735,4673,3339,4212,2006
10408,3580,3141,2025,1166,1256
11527,2595,5019,2325,957,1195
23450,5648,10584,3485,4158,2627
39180,18294,33427,8158,14252,4419
6545,3556,4662,2061,948,1027
19379,10513,16560,5130,4533,2375
8074,1721,5042,1868,1036,911
35136,23113,22257,6428,14019,5517
32397,12185,13492,5480,5159,2713
10630,2748,4274,1967,1206,931
8956,2987,5525,1986,1167,1015
14846,7573,9244,3562,2989,2151
9291,3205,5053,2063,1482,1016
31006,10341,17985,5557,5659,3246
18749,4947,9887,2592,3619,1875
20302,9880,18421,7167,6086,4402
19021,9181,9698,4537,2879,2704
48797,23183,33735,8113,13116,4417
7685,2379,5219,2462,1305,1049
35978,12934,13887,7327,8653,4127
11131,5997,10503,3849,2551,2298
37326,20349,27887,10964,10342,7915
35755,23041,28961,9345,12577,5838
19668,7835,11782,4349,3862,1805
